CPU no USED,Agents,vCPU,CPU USED,Time
18,57,6,81.9902912621,102.568
7.5094339623,100,4,92.5911949686,158.462
33.8630136986,30,6,66.1780821918,72.291
10.7023809524,27,2,89.619047619,83.641
44.0172413793,49,16,55.9137931034,57.431
8.3525641026,97,4,91.7884615385,155.61
33.1282051282,47,10,66.8333333333,77.224
15.8086956522,67,6,84.0695652174,114.466
16.5044247788,65,6,83.3982300885,112.209
46.2372881356,56,18,53.7118644068,58.46
2.0481927711,23,1,97.9277108434,83.33
35.2837837838,43,10,64.6351351351,73.118
3.0588235294,24,1,96.9294117647,84.52
46.0862068966,55,18,53.7931034483,57.509
8.3846153846,96,4,91.6923076923,155.076
61.3255813953,61,24,38.6279069767,42.85
8.5496688742,92,4,91.4701986755,151.048
51.3777777778,62,24,48.5555555556,44.345
54.9302325581,60,24,44.8837209302,42.193
60.7179487179,70,28,39.2564102564,38.904
52.1219512195,71,28,47.6829268293,40.094
17.4727272727,61,6,82.5727272727,109.339
8.8413793103,86,4,91.2275862069,144.893
50.2407407407,44,16,49.8518518519,53.656
16.5,59,6,83.3518518519,107.108
34.2051282051,46,10,65.7564102564,77.907
26.025,28,4,74,79.567
7.7586206897,28,2,92.5747126437,86.876
54.8717948718,82,32,45.1025641026,38.485
17.2432432432,62,6,82.7477477477,110.796
8.5584415584,93,4,91.5519480519,153.333
22.775,28,4,77.325,80.027
54.1944444444,79,32,45.6944444444,35.517
44.2881355932,48,16,55.7457627119,58.908
23.3797468354,27,4,76.6962025316,79.02
88.8888888889,3,16,11.2222222222,8.369
7.9210526316,91,4,92.1447368421,151.753
51.7777777778,31,10,48.2222222222,62.073
8.4038461538,94,4,91.6730769231,155.204
88.8,4,16,11.5,9.77
89.75,2,16,10,7.636
31.9090909091,31,6,68.1038961039,76.911
86.2631578947,12,16,14,18.963
47.9833333333,54,18,51.9166666667,59.148
85.7826086957,15,16,14.3043478261,22.419
45.0517241379,46,16,54.775862069,57.485
86.1363636364,14,16,13.9545454545,21.329
49.6440677966,53,18,50.3728813559,58.125
54.2894736842,80,32,45.6315789474,37.565
35.2025316456,45,10,64.7594936709,78.337
48.3571428571,51,18,51.5892857143,55.948
49.4655172414,52,18,50.5,57.137
87.3684210526,11,16,12.5789473684,18.114
18.5533980583,53,6,81.4466019417,102.17
84.75,16,16,15.375,23.887
35.6973684211,42,10,64.3421052632,75.174
46.3333333333,45,16,53.6842105263,56.675
88.75,5,16,11.25,11.564
55.9268292683,69,28,43.9756097561,40.129
36.3513513514,40,10,63.6486486486,73.067
17.6886792453,56,6,82.2547169811,105.792
51.6226415094,48,18,48.2830188679,53.004
87.2142857143,7,16,12.8571428571,14.018
84.5769230769,17,16,15.4615384615,25.35
89.1428571429,6,16,10.9285714286,13.044
87,10,16,12.9444444444,17.574
17.1926605505,58,6,82.6513761468,108.334
7.506097561,100,4,92.5670731707,163.163
1.9347826087,27,1,98.0760869565,91.646
90.75,1,16,9.375,7.542
88,8,16,12.25,15.774
17.7053571429,60,6,82.3125,111.088
51.5681818182,58,24,48.3181818182,43.15
8.6629213483,27,2,91.606741573,88.438
36.9473684211,41,10,62.9342105263,75.117
81.0714285714,18,16,18.9285714286,27.237
40.0704225352,37,10,59.7746478873,70.607
88.2222222222,9,16,11.8333333333,17.096
86.0454545455,13,16,14.0454545455,21.641
54.2619047619,56,24,45.5952380952,41.317
75.2058823529,23,16,24.9117647059,33.294
7.7840909091,26,2,92.4204545455,87.871
52.1860465116,57,24,47.7209302326,42.866
48.5964912281,50,18,51.298245614,56.962
54.4864864865,77,32,45.4054054054,36.375
58.6578947368,78,32,41.1315789474,37.575
7.320754717,94,4,92.679245283,158.191
55.7317073171,54,24,44.1463414634,40.07
7.3251533742,98,4,92.6564417178,162.803
56.9756097561,67,28,42.9024390244,40.249
8.6666666667,89,4,91.3660130719,152.834
34.3086419753,44,10,65.6790123457,80.124
1.7849462366,26,1,98.2150537634,92.737
7.762195122,98,4,92.3170731707,163.247
73.65625,20,16,26.53125,31.487
22.9069767442,29,4,77.2906976744,85.548
45.2413793103,43,16,54.775862069,57.716
52.4137931034,49,18,47.5,57.274
47.1754385965,42,16,52.8070175439,56.81
56.512195122,66,28,43.3902439024,40.282
75,19,16,25.125,31.114
74.5714285714,22,16,25.4285714286,34.666
56.8139534884,68,28,43.2093023256,42.889
18.0458715596,55,6,81.9541284404,108.507
68.7954545455,30,16,31.2045454545,43.809
72.0243902439,27,16,28.1951219512,40.551
72.8157894737,24,16,27.1052631579,37.211
58.6578947368,76,32,41.0789473684,37.574
57.1282051282,64,28,42.8717948718,38.805
74.4571428571,21,16,25.6,34.088
1.2631578947,26,1,98.7157894737,94.614
23.9886363636,29,4,76.1022727273,87.161
72.5365853659,26,16,27.5365853659,40.205
8.7405063291,91,4,91.3164556962,157.492
70.4418604651,28,16,29.5581395349,42.531
17.504587156,54,6,82.4587155963,108.521
73.525,25,16,26.525,39.479
49.3793103448,41,16,50.5862068966,57.731
1.3894736842,25,1,98.6105263158,94.666
37.0779220779,38,10,62.8831168831,76.536
53.3275862069,47,18,46.5517241379,57.61
56.7142857143,65,28,43.1666666667,41.765
47.6034482759,40,16,52.224137931,57.628
86.2,17,18,14,24.381
66.75,31,16,33.2083333333,47.541
55.5869565217,55,24,44.3695652174,45.551
56.1538461538,62,28,43.7948717949,38.991
57.2820512821,74,32,42.7179487179,38.176
34.9375,39,10,64.925,79.078
6.5567010309,29,2,93.7731958763,97.103
59.3170731707,63,28,40.5853658537,40.666
70.4255319149,29,16,29.5531914894,46.273
90.0909090909,4,18,10,10.785
54.9189189189,72,32,44.9459459459,36.543
37.4285714286,36,10,62.4415584416,76.314
8.1237113402,28,2,92.1649484536,96.516
21.2826086957,30,4,78.8804347826,91.483
57.7435897436,61,28,42.2564102564,38.927
90,5,18,10.0769230769,12.216
8.096969697,95,4,91.9818181818,165.03
90.6666666667,2,18,9.5555555556,8.892
57.5384615385,73,32,42.358974359,38.059
61.3428571429,70,32,38.5142857143,34.673
8.3987341772,88,4,91.6772151899,157.31
50.8813559322,46,18,49.1016949153,59.031
53.3414634146,75,32,46.487804878,40.732
1.9504950495,28,1,98.0396039604,100.789
18.8818181818,52,6,81.1090909091,109.661
91.1818181818,3,18,8.9090909091,10.505
58.152173913,53,24,41.8043478261,45.123
7.6871165644,92,4,92.3374233129,162.255
8.2929936306,87,4,91.8152866242,156.68
7.9221556886,96,4,92.1077844311,166.886
19.1308411215,49,6,80.9158878505,106.489
1.41,27,1,98.54,100.083
91.8888888889,1,18,8,8.816
86.2692307692,16,18,13.9230769231,25.832
8.8129032258,85,4,91.2322580645,154.968
18.4909090909,51,6,81.4181818182,109.28
58.1315789474,71,32,41.7631578947,37.05
89,10,18,11.25,19.265
89.8666666667,6,18,10.4,14.77
88.2727272727,12,18,11.8181818182,21.678
18.7981651376,50,6,81.1559633028,108.453
8.2625,89,4,91.8625,159.832
0.9509803922,28,1,99.0294117647,102.028
50.0508474576,38,16,49.7796610169,58.604
7.0495049505,30,2,93.198019802,100.689
7.36,29,2,92.91,99.568
89.3157894737,9,18,10.7894736842,18.595
57,57,28,42.972972973,36.37
57.4888888889,51,24,42.4444444444,44.2
87.9523809524,11,18,12.0952380952,21.011
55.9782608696,52,24,44.0217391304,45.443
88.16,14,18,12.12,24.427
89.4705882353,7,18,10.4117647059,16.526
55.406779661,44,18,44.593220339,58.361
87.3076923077,15,18,12.8846153846,25.618
18.4666666667,46,6,81.5047619048,104.454
88.5416666667,13,18,11.5416666667,23.389
9.0204081633,77,4,91.0136054422,146.853
89.6111111111,8,18,10.5555555556,17.872
62.8857142857,68,32,37.2571428571,34.609
62.1627906977,49,24,37.8139534884,42.471
49.6229508197,39,16,50.3770491803,60.426
82,18,18,18.2333333333,29.416
6.4158415842,30,2,93.8118811881,101.481
51.5409836066,45,18,48.393442623,60.054
54.4363636364,40,18,45.4545454545,54.443
65.3846153846,58,28,34.5897435897,38.315
36.7721518987,35,10,63.2405063291,78.407
57.8571428571,60,28,42.1904761905,41.259
38.2820512821,34,10,61.7051282051,77.664
22.3020833333,30,4,77.7291666667,95.117
52.7666666667,37,16,47.2,59.266
54.6610169492,36,16,45.3898305085,58.293
40.8846153846,33,10,59,77.059
19.9811320755,45,6,79.9528301887,105.239
58.2105263158,69,32,41.8157894737,37.475
9.176056338,71,4,90.9225352113,142.022
9.064516129,82,4,90.9741935484,154.634
77.6578947368,23,18,22.4736842105,37.08
77.2857142857,21,18,22.7714285714,34.88
1.4716981132,29,1,98.5283018868,105.988
57.7391304348,50,24,42.152173913,45.936
19.0454545455,48,6,80.9,109.504
8.3841059603,78,4,91.7086092715,150.748
8.0952380952,74,4,92.0340136054,146.24
78.0303030303,19,18,22.1212121212,33.025
51.5833333333,42,18,48.2666666667,59.046
0.0756756757,98,1,99.9027027027,184.38
41.5324675325,32,10,58.4675324675,77.026
75.3,25,18,24.725,39.931
76.4871794872,24,18,23.641025641,38.852
73.7111111111,29,18,26.3111111111,44.514
58.7619047619,59,28,41.2857142857,41.955
8.1739130435,86,4,91.8385093168,160.094
8.3333333333,79,4,91.7516339869,152.242
7.6342857143,99,4,92.5142857143,174.842
64.4666666667,48,24,35.4666666667,44.44
7.4152046784,95,4,92.6081871345,170.735
18.8867924528,44,6,81.1981132075,105.815
77.3142857143,20,18,22.7428571429,35
59.9473684211,67,32,39.9736842105,37.129
52.1016949153,41,18,47.8305084746,58.899
50.0806451613,43,18,49.7580645161,61.346
51.2,35,16,48.7833333333,59.612
7.4756097561,88,4,92.5975609756,163.5
9.125,63,4,90.9411764706,135.316
76.2790697674,26,18,23.7674418605,42.514
18.2522522523,47,6,81.7027027027,110.135
61.4864864865,66,32,38.5135135135,36.721
57.8292682927,56,28,42.1707317073,40.06
8.7577639752,85,4,91.3540372671,160.435
72.6458333333,30,18,27.375,47.29
78.5384615385,22,18,21.4615384615,38.251
1.247706422,29,1,98.7339449541,108.292
53.4827586207,39,18,46.5172413793,57.616
19.81,31,4,80.27,99.838
2.5409836066,98,2,97.7213114754,183.034
20.179245283,42,6,79.7735849057,105.289
74.6444444444,27,18,25.2666666667,44.568
55.6,55,28,44.475,39.782
8.1381578947,76,4,91.9342105263,151.193
60.1333333333,46,24,39.8444444444,44.415
2.2696629213,93,2,98.0449438202,177.973
59.2173913043,47,24,40.7826086957,45.713
71.32,31,18,28.72,49.578
19.8317757009,43,6,80.1308411215,106.943
2.3224043716,97,2,97.9617486339,182.571
8.7417218543,75,4,91.3377483444,150.69
8.60625,83,4,91.43125,159.76
7.0930232558,93,4,92.9244186047,171.643
73.625,28,18,26.375,47.162
2.6489361702,100,2,97.7074468085,187.154
52.6451612903,34,16,47.3709677419,61.51
8.6862745098,76,4,91.3790849673,152.885
26.3125,32,6,73.6354166667,95.885
6.5818181818,31,2,93.7363636364,109.373
19.9619047619,40,6,79.9523809524,104.988
8.375,82,4,91.725,159.814
8.4493670886,80,4,91.6708860759,157.66
9.1476510067,72,4,90.8657718121,148.892
7.76875,81,4,92.3125,159.089
20.9714285714,39,6,79.0285714286,104.378
54.3225806452,33,16,45.6129032258,61.158
53.6779661017,37,18,46.2203389831,58.391
0.0053475936,96,1,99.9839572193,187.111
60.4615384615,65,32,39.5384615385,38.954
60.5526315789,64,32,39.5263157895,37.831
60.131147541,32,16,39.868852459,60.087
56.5,45,24,43.5652173913,45.61
2.8323699422,86,2,97.4393063584,172.371
8.3607594937,79,4,91.6708860759,157.194
55.9137931034,36,18,44,57.636
8.5987261146,78,4,91.4777070064,156.316
19.8796296296,41,6,80.1018518519,107.265
8.1294117647,90,4,91.9176470588,170.005
54.0491803279,38,18,45.9672131148,60.181
59.7209302326,54,28,40.1395348837,42.109
58.6304347826,44,24,41.3913043478,45.44
62.5,63,32,37.4736842105,37.743
1.6578947368,30,1,98.3333333333,114.184
8.8060606061,84,4,91.2666666667,164.263
8.2360248447,81,4,91.8385093168,161.022
64,61,32,35.9459459459,36.258
0.0053763441,93,1,99.9892473118,185.693
7.3185840708,31,2,92.9734513274,112.197
63.9069767442,53,28,35.9534883721,42.654
60.5384615385,62,32,39.3846153846,38.408
58.0212765957,43,24,41.9787234043,46.579
8.1923076923,75,4,91.9294871795,155.783
56.9,35,18,43.1,60.028
66.1842105263,60,32,33.8421052632,37.264
63.1463414634,50,28,36.8536585366,40.611
21.3738317757,37,6,78.6074766355,106.236
9.6808510638,61,4,90.3971631206,140.709
8.6133333333,69,4,91.4133333333,149.833
59.9069767442,52,28,40.023255814,43.03
62.8372093023,39,24,37.0697674419,42.943
0.0052910053,94,1,99.9894179894,189.11
0.1308900524,95,1,99.8586387435,190.268
57.5833333333,34,18,42.2333333333,59.356
8.1695906433,87,4,91.9005847953,170.442
8.41875,77,4,91.6125,159.15
21.5865384615,34,6,78.4423076923,103.33
59.1162790698,51,28,40.7674418605,42.252
8.4417177914,80,4,91.6196319018,162.957
0.1505376344,90,1,99.8440860215,185.242
61.2708333333,42,24,38.6458333333,47.444
61.7368421053,59,32,38.3157894737,37.83
2.5575757576,74,2,97.7696969697,164.408
63.593220339,32,18,36.2542372881,58.909
0.0050505051,100,1,99.9747474747,197.86
8.2426035503,84,4,91.798816568,168.854
61.8125,41,24,38.1875,47.39
21.2636363636,38,6,78.7272727273,109.871
7.9107142857,83,4,92.1071428571,168.046
2.2346368715,86,2,98.094972067,178.74
60.3095238095,48,28,39.5476190476,41.038
8.4379084967,69,4,91.614379085,152.416
9.7622377622,60,4,90.3076923077,142.263
58.606557377,33,18,41.2459016393,60.709
11.2164179104,52,4,88.8358208955,133.791
0.0378378378,87,1,99.9567567568,184.446
58.2307692308,58,32,41.6153846154,38.639
0.0053763441,88,1,99.9784946237,185.963
8.6797385621,68,4,91.4052287582,152.415
63.4473684211,57,32,36.5526315789,37.928
67,40,24,32.9166666667,48.027
17.6936936937,31,4,82.4414414414,110.951
0.0114942529,77,1,99.9885057471,174.003
60.9473684211,56,32,39,37.149
0.0052356021,92,1,99.9842931937,191.054
61.5454545455,49,28,38.4090909091,43.92
2.0555555556,85,2,98.2611111111,179.601
63.4047619048,47,28,36.6428571429,41.8
2.7085714286,80,2,97.5714285714,174.12
8.4339622642,73,4,91.6603773585,158.958
23.2710280374,33,6,76.8037383178,106.569
89.25,17,24,10.7083333333,23.177
8.9299363057,70,4,91.2165605096,156.094
21.2882882883,36,6,78.6666666667,110.396
89.8695652174,16,24,10.0434782609,22.196
2.8048780488,70,2,97.493902439,163.545
83.2962962963,20,24,16.7037037037,26.97
90.2272727273,15,24,9.9090909091,21.369
8.1383647799,72,4,91.9496855346,158.832
91.3333333333,4,24,8.4444444444,9.022
90.2857142857,14,24,9.4285714286,20.425
91.2857142857,8,24,8.7142857143,13.757
91.1666666667,11,24,8.6666666667,17.188
92.4444444444,3,24,7.2222222222,8.177
92.4166666667,6,24,7.75,11.588
61.6739130435,36,24,38.2608695652,45.499
90.65,13,24,9.4,19.54
90.8,9,24,9.3333333333,15.022
83.1290322581,23,24,16.9032258065,30.87
91.3529411765,10,24,8.6470588235,16.193
0.0052083333,91,1,99.96875,191.704
21.8288288288,35,6,78.2162162162,110.193
0.0049751244,99,1,99.9651741294,200.958
90.6315789474,12,24,9.3684210526,18.757
91.4545454545,5,24,8.5454545455,10.895
62.1875,37,24,37.6458333333,47.238
10.4680851064,55,4,89.524822695,140.595
91.7142857143,7,24,8.4285714286,13.469
2.4093264249,94,2,98.0207253886,192.12
60.4871794872,55,32,39.5641025641,38.757
82.7666666667,21,24,17.2,29.743
60.8367346939,38,24,39.1224489796,48.957
9.1854304636,63,4,90.8675496689,150.212
81.972972973,27,24,18.027027027,36.596
80.1025641026,29,24,19.6923076923,38.868
82.6388888889,26,24,17.2777777778,35.637
62.8863636364,46,28,36.9772727273,43.715
82.1764705882,24,24,17.7647058824,33.53
83,22,24,16.75,31.274
83.4642857143,19,24,16.5,27.92
82.3428571429,25,24,17.6285714286,34.721
93.5555555556,2,24,6.3333333333,8.798
80.3846153846,28,24,19.641025641,38.244
86.5555555556,18,24,13.3703703704,27.004
0.2598039216,100,1,99.7401960784,203.708
2.6764705882,73,2,97.7294117647,169.548
3.0054945055,84,2,97.2747252747,182.022
0.0327868852,81,1,99.9453551913,182.475
11.0503597122,52,4,89.0431654676,138.802
2.4736842105,90,2,97.8315789474,189.303
9.0205479452,58,4,91.0753424658,145.901
61.85,54,32,38.05,39.332
77.8333333333,30,24,22.0476190476,41.522
63.3076923077,53,32,36.6666666667,38.379
2.4764397906,91,2,97.8167539267,190.859
8.8397435897,66,4,91.2564102564,155.313
62.1111111111,45,28,37.7333333333,44.082
9.3774834437,62,4,90.6490066225,150.954
76.6279069767,31,24,23.3953488372,42.948
94.2,1,24,5.5,9.062
9.1917808219,57,4,90.897260274,145.586
9.1483870968,65,4,90.9419354839,154.886
7.8666666667,73,4,92.1878787879,164.147
64.8163265306,35,24,35,48.423
64.375,34,24,35.5416666667,47.415
0.0049261084,97,1,99.9852216749,202.568
9.1282051282,65,4,90.9294871795,155.472
9.0506329114,66,4,91.0063291139,157.055
9.932885906,58,4,90.1409395973,148.222
68.3863636364,43,28,31.5681818182,43.713
8.1916167665,74,4,91.880239521,166.366
2.1269035533,94,2,98.1319796954,196.279
9.3673469388,56,4,90.7006802721,146.124
67.7948717949,51,32,32.1538461538,38.33
8.0243902439,71,4,92.0426829268,163.269
64.8695652174,44,28,35.152173913,45.51
62.1818181818,42,28,37.7727272727,43.456
2.0886699507,99,2,98.2807881773,202.875
0.1797752809,73,1,99.8202247191,177.166
0.0052356021,85,1,99.9842931937,190.791
71.8085106383,32,24,28.2978723404,46.985
61.0487804878,52,32,38.8048780488,40.54
0.1459459459,79,1,99.8486486486,184.268
10.5281690141,51,4,89.5633802817,141.818
10.475862069,53,4,89.6137931034,144.202
69.8409090909,41,28,30.25,43.212
2.5444444444,78,2,97.8222222222,179.942
66.0512820513,50,32,34,38.892
8.6036585366,70,4,91.4695121951,163.888
8.8037974684,64,4,91.2341772152,157.22
1.1221374046,31,1,98.8854961832,130.896
7.7654320988,68,4,92.2839506173,161.773
2.164893617,84,2,98.1063829787,187.17
0.0052631579,83,1,99.9789473684,189.726
63.78,33,24,36.1,49.292
8.1925465839,67,4,91.8819875776,160.742
8.8950617284,67,4,91.1666666667,161.186
0.0053475936,80,1,99.9839572193,186.916
64.5681818182,40,28,35.25,43.547
2.4619883041,68,2,97.8362573099,170.107
2.1223404255,83,2,98.1861702128,187.209
1.9536082474,89,2,98.4175257732,194.042
2.7388888889,76,2,97.5944444444,179.516
